,Symbol,Name
0,20MICRONS,20_Microns_Limited
1,3IINFOTECH,3i_Infotech_Limited
2,3MINDIA,3M_India_Limited
3,A2ZMES,A2Z_Maintenance_&_Engineering_Services_Limited
4,AANJANEYA,Aanjaneya_Lifecare_Limited
5,AARTIDRUGS,Aarti_Drugs_Limited
6,AARTIIND,Aarti_Industries_Limited
7,AARVEEDEN,Aarvee_Denims_&_Exports_Limited
8,ABAN,Aban_Offshore_Limited
9,ABB,ABB_Limited
10,ABCIL,Aditya_Birla_Chemicals_(India)_Limited
11,ABGSHIP,ABG_Shipyard_Limited
12,ABIRLANUVO,Aditya_Birla_Nuvo_Limited
13,ACC,ACC_Limited
14,ACE,Action_Construction_Equipment_Limited
15,ACKRUTI,Ackruti_City_Limited
16,ADANIENT,Adani_Enterprises_Limited
17,ACROPETAL,Acropetal_Technologies_Limited
18,ADANIPOWER,Adani_Power_Limited
19,ADFFOODS,ADF_Foods_Limited
20,ADHUNIK,Adhunik_Metaliks_Limited
21,ADORWELD,Ador_Welding_Limited
22,ADSL,Allied_Digital_Services_Limited
23,ADVANIHOTR,Advani_Hotels_&_Resorts_(India)_Limited
24,ADVANTA,Advanta_India_Limited
25,AEGISCHEM,Aegis_Logistics_Limited
26,AFL,Accel_Frontline_Limited
27,AFTEK,Aftek_Limited
28,AGCNET,AGC_Networks_Limited
29,AGRODUTCH,Agro_Dutch_Industries_Limited
30,AHLEAST,Asian_Hotels_(East)_Limited
31,AHLUCONT,Ahluwalia_Contracts_(India)_Limited
32,AHLWEST,Asian_Hotels_(West)_Limited
33,AHMEDFORGE,Ahmednagar_Forgings_Limited
34,AIAENG,AIA_Engineering_Limited
35,AICHAMP,AI_Champdany_Industries_Limited
36,AJANTPHARM,Ajanta_Pharma_Limited
37,AJMERA,Ajmera_Realty_&_Infra_India_Limited
38,AKSHOPTFBR,Aksh_Optifibre_Limited
39,AKZOINDIA,Akzo_Nobel_India_Limited
40,ALBK,Allahabad_Bank
41,ALCHEM,Alchemist_Limited
42,ALEMBICLTD,Alembic_Limited
43,ALFALAVAL,Alfa_Laval_(India)_Limited
44,ALICON,Alicon_Castalloy_Limited
45,ALKALI,Alkali_Metals_Limited
46,ALKYLAMINE,Alkyl_Amines_Chemicals_Limited
47,ALLCARGO,Allcargo_Global_Logistics_Limited
48,ALLSEC,Allsec_Technologies_Limited
49,ALMONDZ,Almondz_Global_Securities_Limited
50,ALOKTEXT,Alok_Industries_Limited
51,ALPHAGEO,Alphageo_(India)_Limited
52,AMAR,Amar_Remedies_Limited
53,AMARAJABAT,Amara_Raja_Batteries_Limited
54,ALPSINDUS,Alps_Industries_Limited
55,AMBIKCO,Ambika_Cotton_Mills_Limited
56,AMBUJACEM,Ambuja_Cements_Limited
57,AMDIND,AMD_Industries_Limited
58,AMTEKAUTO,Amtek_Auto_Limited
59,AMTEKINDIA,Amtek_India_Limited
60,ANANTRAJ,Anant_Raj_Industries_Limited
61,ANDHRABANK,Andhra_Bank
62,ANDHRSUGAR,The_Andhra_Sugars_Limited
63,ANGIND,ANG_Industries_Limited
64,ANIKINDS,Anik_Industries_Limited
65,ANDHRACEMT,Andhra_Cements_Limited
66,ANKURDRUGS,Ankur_Drugs_And_Pharma_Limited
67,ANSALAPI,Ansal_Properties_&_Infrastructure_Limited
68,ANSALHSG,Ansal_Housing_and_Construction_Limited
69,ANTGRAPHIC,Antarctica_Limited
70,APARINDS,Apar_Industries_Limited
71,APCOTEXIND,Apcotex_Industries_Limited
72,APIL,Alstom_Projects_India_Limited
73,APOLLOHOSP,Apollo_Hospitals_Enterprise_Limited
74,APOLLOTYRE,Apollo_Tyres_Limited
75,APPAPER,The_Andhra_Pradesh_Paper_Mills_Limited
76,APTECHT,Aptech_Limited
77,AQUA,Aqua_Logistics_Limited
78,ARCHIDPLY,Archidply_Industries_Limited
79,ARCHIES,Archies_Limited
80,AREVAT&D,Areva_T&D_India_Limited
81,ARIES,Aries_Agro_Limited
82,ARIHANT,Arihant_Foundations_&_Housing_Limited
83,ARL,Arvind_Remedies_Limited
84,AROGRANITE,Aro_Granite_Industries_Limited
85,ARROWTEX,Arrow_Textiles_Limited
86,ARSHIYA,Arshiya_International_Limited
87,ARSSINFRA,ARSS_Infrastructure_Projects_Limited
88,ARVIND,Arvind_Limited
89,ASAHIINDIA,Asahi_India_Glass_Limited
90,ASAL,Automotive_Stampings_and_Assemblies_Limited
91,ASHAPURMIN,Ashapura_Minechem_Limited
92,ASHCONIUL,Ashco_Niulab_Industries_Limited
93,ASHIANA,Ashiana_Housing_Limited
94,ASHIMASYN,Ashima_Limited
95,ASHOKA,Ashoka_Buildcon_Limited
96,ASHOKLEY,Ashok_Leyland_Limited
97,ASIANELEC,Asian_Electronics_Limited
98,ASIANHOTNR,Asian_Hotels_(North)_Limited
99,ASIANPAINT,Asian_Paints_Limited
100,ASIANTILES,Asian_Granito_India_Limited
101,ASIL,Amit_Spinning_Industries_Limited
102,ASSAMCO,Assam_Company_India_Limited
103,ASTEC,Astec_LifeSciences_Limited
104,ASTERSILI,Aster_Silicates_Limited
105,ASTRAL,Astral_Poly_Technik_Limited
106,ASTRAMICRO,Astra_Microwave_Products_Limited
107,ASTRAZEN,AstraZeneca_Pharma_India_Limited
108,ATFL,Agro_Tech_Foods_Limited
109,ATLANTA,Atlanta_Limited
110,ATLASCYCLE,Atlas_Cycles_(Haryana)_Limited
111,ATNINTER,ATN_International_Limited
112,ATUL,Atul_Limited
113,AURIONPRO,Aurionpro_Solutions_Limited
114,AUROPHARMA,Aurobindo_Pharma_Limited
115,AUSOMENT,Ausom_Enterprise_Limited
116,AUSTRAL,Austral_Coke_&_Projects_Limited
117,AUTOAXLES,Automotive_Axles_Limited
118,AUTOIND,Autoline_Industries_Limited
119,AUTOLITIND,Autolite_(India)_Limited
120,AVANTI,Avanti_Feeds_Limited
121,AVENTIS,Aventis_Pharma_Limited
122,AVTNPL,AVT_Natural_Products_Limited
123,AXISBANK,Axis_Bank_Limited
124,AXIS-IT&T,Axis-IT&T_Limited
125,BAGFILMS,B.A.G_Films_and_Media_Limited
126,BAJAJ-AUTO,Bajaj_Auto_Limited
127,BAJAJCORP,Bajaj_Corp_Limited
128,BAJAJELEC,Bajaj_Electricals_Limited
129,BAJAJFINSV,Bajaj_Finserv_Limited
130,BAJAJHIND,Bajaj_Hindusthan_Limited
131,BAJAJHLDNG,Bajaj_Holdings_&_Investment_Limited
132,BAJFINANCE,Bajaj_Finance_Limited
133,BALAJITELE,Balaji_Telefilms_Limited
134,BALAMINES,Balaji_Amines_Limited
135,BALKRISIND,Balkrishna_Industries_Limited
136,BALLARPUR,Ballarpur_Industries_Limited
137,BALMLAWRIE,Balmer_Lawrie_&_Company_Limited
138,BALPHARMA,Bal_Pharma_Limited
139,BALRAMCHIN,Balrampur_Chini_Mills_Limited
140,BANARISUG,Bannari_Amman_Sugars_Limited
141,BANCOINDIA,Banco_Products_(I)_Limited
142,BANG,Bang_Overseas_Limited
143,BANKBARODA,Bank_of_Baroda
144,BANKINDIA,Bank_of_India
145,BANSWRAS,Banswara_Syntex_Limited
146,BARTRONICS,Bartronics_India_Limited
147,BASF,BASF_India_Limited
148,BASML,Bannari_Amman_Spinning_Mills_Limited
149,BATAINDIA,Bata_India_Limited
150,BATLIBOI,Batliboi_Limited
151,BBL,Bharat_Bijlee_Limited
152,BBTC,Bombay_Burmah_Trading_Corporation_Limited
153,BEDMUTHA,Bedmutha_Industries_Limited
154,BEL,Bharat_Electronics_Limited
155,BELLCERATL,Bell_Ceramics_Limited
156,BEML,BEML_Limited
157,BEPL,Bhansali_Engineering_Polymers_Limited
158,BERGEPAINT,Berger_Paints_(I)_Limited
159,BFINVEST,BF_Investment_Limited
160,BFUTILITIE,BF_Utilities_Limited
161,BGRENERGY,BGR_Energy_Systems_Limited
162,BHAGWATIHO,Bhagwati_Banquets_and_Hotels_Limited
163,BHAGYNAGAR,Bhagyanagar_India_Limited
164,BHARATFORG,Bharat_Forge_Limited
165,BHARATGEAR,Bharat_Gears_Limited
166,BHARATRAS,Bharat_Rasayan_Limited
167,BHARTIARTL,Bharti_Airtel_Limited
168,BHARTISHIP,Bharati_Shipyard_Limited
169,BHEL,Bharat_Heavy_Electricals_Limited
170,BHUSANSTL,Bhushan_Steel_Limited
171,BIL,Bhartiya_International_Limited
172,BILPOWER,Bilpower_Limited
173,BINANIIND,Binani_Industries_Limited
174,BINDALAGRO,Oswal_Chemicals_&_Fertilizers_Limited
175,BIOCON,Biocon_Limited
176,BIRLACORPN,Birla_Corporation_Limited
177,BIRLACOT,Birla_Cotsyn_(India)_Limited
178,BIRLAERIC,Birla_Ericsson_Optical_Limited
179,BIRLAMONEY,Aditya_Birla_Money_Limited
180,BIRLAPOWER,Birla_Power_Solutions_Limited
181,BLBLIMITED,BLB_Limited
182,BLISSGVS,Bliss_GVS_Pharma_Limited
183,BLKASHYAP,B._L._Kashyap_and_Sons_Limited
184,BLUECHIP,Blue_Chip_India_Limited
185,BLUECOAST,Blue_Coast_Hotels_and_Resorts_Limited
186,BLUEDART,Blue_Dart_Express_Limited
187,BLUESTARCO,Blue_Star_Limited
188,BLUESTINFO,Blue_Star_Infotech_Limited
189,BOC,BOC_India_Limited
190,BOMDYEING,Bombay_Dyeing_&_Mfg_Company_Limited
191,BOSCHLTD,Bosch_Limited
192,BPCL,Bharat_Petroleum_Corporation_Limited
193,BPL,BPL_Limited
194,BRANDHOUSE,Brandhouse_Retails_Limited
195,BRFL,Bombay_Rayon_Fashions_Limited
196,BRIGADE,Brigade_Enterprises_Limited
197,BRITANNIA,Britannia_Industries_Limited
198,BROADCAST,Broadcast_Initiatives_Limited
199,BSELINFRA,BSEL_Infrastructure_Realty_Limited
200,BSL,BSL_Limited
201,BSTRANSCOM,BS_TransComm_Limited
202,BURNPUR,Burnpur_Cement_Limited
203,BVCL,Barak_Valley_Cements_Limited
204,CADILAHC,Cadila_Healthcare_Limited
205,CAIRN,Cairn_India_Limited
206,CALSOFT,California_Software_Company_Limited
207,CAMBRIDGE,Cambridge_Solutions_Limited
208,CAMLIN,Camlin_Limited
209,CANBK,Canara_Bank
210,CANDC,C_&_C_Constructions_Limited
211,CANFINHOME,Can_Fin_Homes_Limited
212,CANTABIL,Cantabil_Retail_India_Limited
213,CARBORUNIV,Carborundum_Universal_Limited
214,CAROLINFO,Carol_Info_Services_Limited
215,CASTROL,Castrol_India_Limited
216,CCCL,Consolidated_Construction_Consortium_Limited
217,CCL,CCL_Products_(India)_Limited
218,CEATLTD,CEAT_Limited
219,CEBBCO,Commercial_Engineers_&_Body_Builders_Co_Limited
220,CELESTIAL,Celestial_Biolabs_Limited
221,CENTENKA,Century_Enka_Limited
222,CENTEXT,Century_Extrusions_Limited
223,CENTRALBK,Central_Bank_of_India
224,CENTUM,Centum_Electronics_Limited
225,CENTURYPLY,Century_Plyboards_(India)_Limited
226,CENTURYTEX,Century_Textiles_&_Industries_Limited
227,CERA,Cera_Sanitaryware_Limited
228,CESC,CESC_Limited
229,CHAMBLFERT,Chambal_Fertilizers_&_Chemicals_Limited
230,CHEMFALKAL,Chemfab_Alkalis_Limited
231,CHEMPLAST,Chemplast_Sanmar_Limited
232,CHENNPETRO,Chennai_Petroleum_Corporation_Limited
233,CHESLINTEX,Cheslind_Textiles_Limited
234,CHETTINAD,Chettinad_Cement_Corporation_Limited
235,CHOLAFIN,Cholamandalam_Investment_and_Finance_Company_Limited
236,CILNOVA,CIL_Nova_Petrochemicals_Limited
237,CINEMAX,Cinemax_India_Limited
238,CINEVISTA,Cinevistaas_Limited
239,CIPLA,Cipla_Limited
240,CLASSIC,Classic_Diamonds_(India)_Limited
241,CLNINDIA,Clariant_Chemicals_(India)_Limited
242,CLUTCHAUTO,Clutch_Auto_Limited
243,CMAHENDRA,C._Mahendra_Exports_Limited
244,CMC,CMC_Limited
245,COALINDIA,Coal_India_Limited
246,COLPAL,Colgate_Palmolive_(India)_Limited
247,CONCOR,Container_Corporation_of_India_Limited
248,CONSOFINVT,Consolidated_Finvest_&_Holdings_Limited
249,CORAL-HUB,Coral_Hub_Limited
250,CORDSCABLE,Cords_Cable_Industries_Limited
251,COREPROTEC,Core_Projects_and_Technologies_Limited
252,COROMANDEL,Coromandel_International_Limited
253,CORPBANK,Corporation_Bank
254,COSMOFILMS,Cosmo_Films_Limited
255,COX&KINGS,Cox_&_Kings_Limited
256,CPIL,Career_Point_Infosystems_Limited
257,CREATIVEYE,Creative_Eye_Limited
258,CRESTANI,Crest_Animation_Studios_Limited
259,CREWBOS,Crew_B.O.S._Products_Limited
260,CRISIL,CRISIL_Limited
261,CROMPGREAV,Crompton_Greaves_Limited
262,CRONIMET,Cronimet_Alloys_India_Limited
263,CTE,Cambridge_Technology_Enterprises_Limited
264,CUB,City_Union_Bank_Limited
265,CUBEXTUB,Cubex_Tubings_Limited
266,CUMMINSIND,Cummins_India_Limited
267,CURATECH,Cura_Technologies_Limited
268,CYBERMEDIA,Cyber_Media_(India)_Limited
269,CYBERTECH,Cybertech_Systems_And_Software_Limited
270,DAAWAT,LT_Foods_Limited
271,DABUR,Dabur_India_Limited
272,DALMIASUG,Dalmia_Bharat_Sugar_and_Industries_Limited
273,DATAMATICS,Datamatics_Global_Services_Limited
274,DBCORP,D.B.Corp_Limited
275,DBREALTY,D_B_Realty_Limited
276,DCB,Development_Credit_Bank_Limited
277,DCHL,Deccan_Chronicle_Holdings_Limited
278,DCM,DCM_Limited
279,DCMSRMCONS,DCM_Shriram_Consolidated_Limited
280,DCW,DCW_Limited
281,DECCANCE,Deccan_Cements_Limited
282,DECOLIGHT,Decolight_Ceramics_Limited
283,DEEPAKFERT,Deepak_Fertilizers_and_Petrochemicals_Corporation_Limited
284,DEEPAKNTR,Deepak_Nitrite_Limited
285,DEEPIND,Deep_Industries_Limited
286,DELTACORP,Delta_Corp_Limited
287,DELTAMAGNT,Delta_Magnets_Limited
288,DEN,Den_Networks_Limited
289,DENABANK,Dena_Bank
290,DENORA,De_Nora_India_Limited
291,DEWANHOUS,Dewan_Housing_Finance_Corporation_Limited
292,DHAMPURSUG,The_Dhampur_Sugar_Mills_Limited
293,DHANBANK,Dhanlaxmi_Bank_Limited
294,DHANUKA,Dhanuka_Agritech_Limited
295,DHANUS,Dhanus_Technologies_Limited
296,DHARSUGAR,Dharani_Sugars_&_Chemicals_Limited
297,DHUNINV,Dhunseri_Investments_Limited
298,DIAPOWER,Diamond_Power_Infra_Ltd
299,DICIND,DIC_India_Limited
300,DIGJAM,Digjam_Limited
301,DISHMAN,Dishman_Pharmaceuticals_and_Chemicals
302,DISHTV,Dish_TV_India_Limited
303,DIVISLAB,Divi's_Laboratories_Limited
304,DLF,DLF_Limited
305,DLINKINDIA,D-Link_(India)_Limited
306,DOLPHINOFF,Dolphin_Offshore_Enterprises_(India)_Limited
307,DONEAR,Donear_Industries_Limited
308,DPSCLTD,DPSC_Limited
309,DPTL,Dhunseri_Petrochem_&_Tea_Limited
310,DQE,DQ_Entertainment_(International)_Limited
311,DREDGECORP,Dredging_Corporation_of_India_Limited
312,DRREDDY,Dr._Reddy's_Laboratories_Limited
313,DSKULKARNI,DS_Kulkarni_Developers_Limited
314,DUNCANSIND,Duncans_Industries_Limited
315,DWARKESH,Dwarikesh_Sugar_Industries_Limited
316,DYNAMATECH,Dynamatic_Technologies_Limited
317,DYNASYS,Dynacons_Systems_&_Solutions_Limited
318,EASTSILK,Eastern_Silk_Industries_Limited
319,EASUNREYRL,Easun_Reyrolle_Limited
320,ECEIND,ECE_Industries_Limited
321,ECLERX,eClerx_Services_Limited
322,EDELWEISS,Edelweiss_Capital_Limited
323,EDL,Empee_Distilleries_Limited
324,EDSERV,Edserv_Softsystems_Limited
325,EDUCOMP,Educomp_Solutions_Limited
326,EICHERMOT,Eicher_Motors_Limited
327,EIDPARRY,EID_Parry_India_Limited
328,EIHAHOTELS,EIH_Associated_Hotels_Limited
329,EIHOTEL,EIH_Limited
330,EIMCOELECO,Eimco_Elecon_(India)_Limited
331,EKC,Everest_Kanto_Cylinder_Limited
332,ELDERPHARM,Elder_Pharmaceuticals_Limited
333,ELECON,Elecon_Engineering_Company_Limited
334,ELECTCAST,Electrosteel_Castings_Limited
335,ELECTHERM,Electrotherm_(India)_Limited
336,ELGIEQUIP,Elgi_Equipments_Limited
337,EMAMIINFRA,Emami_Infrastructure_Limited
338,EMAMILTD,Emami_Limited
339,EMCO,Emco_Limited
340,EMKAY,Emkay_Global_Financial_Services_Limited
341,EMMBI,Emmbi_Polyarns_Limited
342,ENERGYDEV,Energy_Development_Company_Limited
343,ENGINERSIN,Engineers_India_Limited
344,ENIL,Entertainment_Network_(India)_Limited
345,ENTEGRA,Entegra_Limited
346,ERAINFRA,Era_Infra_Engineering_Limited
347,EROSMEDIA,Eros_International_Media_Limited
348,ESABINDIA,Esab_India_Limited
349,ESCORTS,Escorts_Limited
350,ESL,Electrosteel_Steels_Limited
351,ESSAROIL,Essar_Oil_Limited
352,ESSARPORTS,Essar_Ports_Limited
353,ESSDEE,Ess_Dee_Aluminium_Limited
354,ESSELPACK,Essel_Propack_Limited
355,ESTER,Ester_Industries_Limited
356,EUROCERA,Euro_Ceramics_Limited
357,EUROMULTI,Euro_Multivision_Limited
358,EUROTEXIND,Eurotex_Industries_and_Exports_Limited
359,EVEREADY,Eveready_Industries_India_Limited
360,EVERESTIND,Everest_Industries_Limited
361,EVERONN,Everonn_Education_Limited
362,EVINIX,Evinix_Accessories_Limited
363,EXCELCROP,Excel_Crop_Care_Limited
364,EXCELINDUS,Excel_Industries_Limited
365,EXCELINFO,Excel_Infoways_Limited
366,EXIDEIND,Exide_Industries_Limited
367,FACT,Fertilizers_and_Chemicals_Travancore_Limited
368,FAGBEARING,FAG_Bearings_India_Limited
369,FAME,Fame_India_Limited
370,FARMAXIND,Farmax_India_Limited
371,FCH,Future_Capital_Holdings_Limited
372,FCSSOFT,FCS_Software_Solutions_Limited
373,FDC,FDC_Limited
374,FEDDERLOYD,Fedders_Lloyd_Corporation_Limited
375,FEDERALBNK,The_Federal_Bank_Limited
376,FIEMIND,Fiem_Industries_Limited
377,FINANTECH,Financial_Technologies_(India)_Limited
378,FINCABLES,Finolex_Cables_Limited
379,FINPIPE,Finolex_Industries_Limited
380,FIRSTLEASE,First_Leasing_Company_of_India_Limited
381,FIRSTWIN,First_Winner_Industries_Limited
382,FKONCO,Fresenius_Kabi_Oncology_Limited
383,FMGOETZE,Federal-Mogul_Goetze_(India)_Limited
384,FORTIS,Fortis_Healthcare_(India)_Limited
385,FOSECOIND,Foseco_India_Limited
386,FOURSOFT,Four_Soft_Limited
387,FSL,Firstsource_Solutions_Limited
388,FUTUREVENT,Future_Ventures_India_Limited
389,GABRIEL,Gabriel_India_Limited
390,GAEL,Gujarat_Ambuja_Exports_Limited
391,GAIL,GAIL_(India)_Limited
392,GAL,Gyscoal_Alloys_Limited
393,GALLANTT,Gallantt_Metal_Limited
394,GALLISPAT,Gallantt_Ispat_Limited
395,GAMMNINFRA,Gammon_Infrastructure_Projects_Limited
396,GAMMONIND,Gammon_India_Limited
397,GANDHITUBE,Gandhi_Special_Tubes_Limited
398,GANESHHOUC,Ganesh_Housing_Corporation_Limited
399,GARDENSILK,Garden_Silk_Mills_Limited
400,GARWALLROP,Garware_Wall_Ropes_Limited
401,GLOBOFFS,Global_Offshore_Services_Limited
402,GATI,GATI_Limited
403,GDL,Gateway_Distriparks_Limited
404,GEECEE,GeeCee_Ventures_Limited
405,GEINDSYS,GEI_Industrial_Systems_Limited
406,GEMINI,Gemini_Communication_Limited
407,GENESYS,Genesys_International_Corporation_Limited
408,GENUSPOWER,Genus_Power_Infrastructures_Limited
409,GEODESIC,Geodesic_Limited
410,GEOJITBNPP,Geojit_BNP_Paribas_Financial_Services_Limited
411,GEOMETRIC,Geometric_Limited
412,GESHIP,The_Great_Eastern_Shipping_Company_Limited
413,GHCL,GHCL_Limited
414,GICHSGFIN,GIC_Housing_Finance_Limited
415,GILLANDERS,Gillanders_Arbuthnot_&_Company_Limited
416,GILLETTE,Gillette_India_Limited
417,GINNIFILA,Ginni_Filaments_Limited
418,GIPCL,Gujarat_Industries_Power_Company_Limited
419,GISOLUTION,GI_Engineering_Solutions_Limited
420,GITANJALI,Gitanjali_Gems_Limited
421,GKWLIMITED,GKW_Limited
422,GLAXO,GlaxoSmithKline_Pharmaceuticals_Limited
423,GLENMARK,Glenmark_Pharmaceuticals_Limited
424,GLFL,Gujarat_Lease_Financing_Limited
425,GLOBALVECT,Global_Vectra_Helicorp_Limited
426,GLOBUSSPR,Globus_Spirits_Limited
427,GLODYNE,Glodyne_Technoserve_Limited
428,GLORY,Glory_Polyfilms_Limited
429,GMBREW,GM_Breweries_Limited
430,GMDCLTD,Gujarat_Mineral_Development_Corporation_Limited
431,GMRINFRA,GMR_Infrastructure_Limited
432,GNFC,Gujarat_Narmada_Valley_Fertilizer_Company_Limited
433,GOACARBON,Goa_Carbon_Limited
434,GODFRYPHLP,Godfrey_Phillips_India_Limited
435,GODREJCP,Godrej_Consumer_Products_Limited
436,GODREJIND,Godrej_Industries_Limited
437,GODREJPROP,Godrej_Properties_Limited
438,GOENKA,Goenka_Diamond_and_Jewels_Limited
439,GOKEX,Gokaldas_Exports_Limited
440,GOKUL,Gokul_Refoils_and_Solvent_Limited
441,GOLDENTOBC,Golden_Tobacco_Limited
442,GOLDIAM,Goldiam_International_Limited
443,GOLDINFRA,Goldstone_Infratech_Limited
444,GOLDTECH,Goldstone_Technologies_Limited
445,GPIL,Godawari_Power_And_Ispat_limited
446,GPPL,Gujarat_Pipavav_Port_Limited
447,GRABALALK,Grabal_Alok_Impex_Limited
448,GRANULES,Granules_India_Limited
449,GRAPHITE,Graphite_India_Limited
450,GRASIM,Grasim_Industries_Limited
451,GREAVESCOT,Greaves_Cotton_Limited
452,GREENPLY,Greenply_Industries_Limited
453,GREENPOWER,Orient_Green_Power_Company_Limited
454,GRINDWELL,Grindwell_Norton_Limited
455,GRUH,Gruh_Finance_Limited
456,GSFC,Gujarat_State_Fertilizers_&_Chemicals_Limited
457,GSKCONS,GlaxoSmithKline_Consumer_Healthcare_Limited
458,GSLNOVA,GSL_Nova_Petrochemicals_Limited
459,GSPL,Gujarat_State_Petronet_Limited
460,GSSAMERICA,GSS_America_Infotech_Limited
461,GTL,GTL_Limited
462,GTLINFRA,GTL_Infrastructure_Limited
463,GTNIND,GTN_Industries_Limited
464,GTOFFSHORE,Great_Offshore_Limited
465,GUFICBIO,Gufic_Biosciences_Limited
466,GUJALKALI,Gujarat_Alkalies_and_Chemicals_Limited
467,GUJAPOLLO,Gujarat_Apollo_Industries_Limited
468,GUJFLUORO,Gujarat_Fluorochemicals_Limited
469,GUJNRECOKE,Gujarat_NRE_Coke_Limited
470,GUJRATGAS,Gujarat_Gas_Company_Limited
471,GUJSIDHCEM,Gujarat_Sidhee_Cements_Limited
472,GUJSTATFIN,Gujarat_State_Financial_Corporation
473,GULFOILCOR,Gulf_Oil_Corporation_Limited
474,GVKPIL,GVK_Power_&_Infrastructure_Limited
475,HALONIX,Halonix_Limited
476,HANUNG,Hanung_Toys_and_Textiles_Limited
477,HARITASEAT,Harita_Seating_Systems_Limited
478,HARRMALAYA,Harrisons_Malayalam_Limited
479,HATHWAY,Hathway_Cable_&_Datacom_Limited
480,HAVELLS,Havells_India_Limited
481,HBLPOWER,HBL_Power_Systems_Limited
482,HBSTOCK,HB_Stockholdings_Limited
483,HCC,Hindustan_Construction_Company_Limited
484,HCIL,Himadri_Chemicals_and_Industries_Limited
485,HCL-INSYS,HCL_Infosystems_Limited
486,HCLTECH,HCL_Technologies_Limited
487,HDFC,Housing_Development_Finance_Corporation_Limited
488,HDFCBANK,HDFC_Bank_Limited
489,HDIL,Housing_Development_and_Infrastructure_Limited
490,HEG,HEG_Limited
491,HEIDELBERG,HeidelbergCement_India_Limited
492,HELIOSMATH,Helios_And_Matheson_Information_Technology_Limited
493,HERCULES,Hercules_Hoists_Limited
494,HERITGFOOD,Heritage_Foods_(India)_Limited
495,HEROHONDA,Hero_Honda_Motors_Limited
496,HEXAWARE,Hexaware_Technologies_Limited
497,HFCL,Himachal_Futuristic_Communications_Limited
498,HGSL,Hinduja_Global_Solutions_Limited
499,HIKAL,Hikal_Limited
500,HILTON,Hilton_Metal_Forging_Limited
501,HIMATSEIDE,Himatsingka_Seide_Limited
502,HINDALCO,Hindalco_Industries_Limited
503,HINDCOMPOS,Hindustan_Composites_Limited
504,HINDCOPPER,Hindustan_Copper_Limited
505,HINDDORROL,Hindustan_Dorr-Oliver_Limited
506,HINDMOTORS,Hindustan_Motors_Limited
507,HINDNATGLS,Hindusthan_National_Glass_&_Industries_Limited
508,HINDOILEXP,Hindustan_Oil_Exploration_Company_Limited
509,HINDPETRO,Hindustan_Petroleum_Corporation_Limited
510,HINDSYNTEX,Hind_Syntex_Limited
511,HINDUJAFO,Hinduja_Foundries_Limited
512,HINDUJAVEN,Hinduja_Ventures_Limited
513,HINDUNILVR,Hindustan_Unilever_Limited
514,HINDZINC,Hindustan_Zinc_Limited
515,HIRECT,Hind_Rectifiers_Limited
516,HITACHIHOM,Hitachi_Home_and_Life_Solutions_(India)_Limited
517,HITECHGEAR,Hi-Tech_Gears_Limited
518,HITECHPLAS,Hitech_Plast_Limited
519,HMT,HMT_Limited
520,HMVL,Hindustan_Media_Ventures_Limited
521,HOCL,Hindustan_Organic_Chemicals_Limited
522,HONAUT,Honeywell_Automation_India_Limited
523,HONDAPOWER,Honda_Siel_Power_Products_Limited
524,HOPFL,House_of_Pearl_Fashions_Limited
525,HORIZONINF,Horizon_Infrastructure_Limited
526,HOTELEELA,Hotel_Leela_Venture_Limited
527,HOTELRUGBY,Hotel_Rugby_Limited
528,HOVS,HOV_Services_Limited
529,HSIL,HSIL_Limited
530,HTMEDIA,HT_Media_Limited
531,HYDRBADIND,Hyderabad_Industries_Limited
532,IBN18,ibn18_Broadcast_Limited
533,IBPOW,Indiabulls_Power_Limited
534,IBREALEST,Indiabulls_Real_Estate_Limited
535,IBSEC,Indiabulls_Securities_Limited
536,ICICIBANK,ICICI_Bank_Limited
537,ICIL,Indo_Count_Industries_Limited
538,ICRA,ICRA_Limited
539,ICSA,ICSA_(India)_Limited
540,IDBI,IDBI_Bank_Limited
541,IDEA,Idea_Cellular_Limited
542,IDFC,Infrastructure_Development_Finance_Company_Limited
543,IFBAGRO,IFB_Agro_Industries_Limited
544,IFBIND,IFB_Industries_Limited
545,IFCI,IFCI_Limited
546,IFGLREFRAC,IFGL_Refractories_Limited
547,IGARASHI,Igarashi_Motors_India_Limited
548,IGL,Indraprastha_Gas_Limited
549,IGPL,IG_Petrochemicals_Limited
550,IITL,Industrial_Investment_Trust_Limited
551,IL&FSENGG,IL&FS_Engineering_and_Construction_Company_Limited
552,IL&FSTRANS,IL&FS_Transportation_Networks_Limited
553,IMFA,Indian_Metals_&_Ferro_Alloys_Limited
554,IMPAL,India_Motor_Parts_and_Accessories_Limited
555,IMPEXFERRO,Impex_Ferro_Tech_Limited
556,INDBANK,Indbank_Merchant_Banking_Services_Limited
557,INDHOTEL,The_Indian_Hotels_Company_Limited
558,INDIABULLS,Indiabulls_Financial_Services_Limited
559,INDIACEM,The_India_Cements_Limited
560,INDIAGLYCO,India_Glycols_Limited
561,INDIAINFO,India_Infoline_Limited
562,INDIANB,Indian_Bank
563,INDIANCARD,Indian_Card_Clothing_Company_Limited
564,INDIANHUME,Indian_Hume_Pipe_Company_Limited
565,INDLMETER,IMP_Powers_Limited
566,INDNIPPON,India_Nippon_Electricals_Limited
567,INDOASIFU,Indo_Asian_Fusegear_Limited
568,INDOCO,Indoco_Remedies_Limited
569,INDORAMA,Indo_Rama_Synthetics_(India)_Limited
570,INDOSOLAR,Indosolar_Limited
571,INDOTECH,Indo_Tech_Transformers_Limited
572,INDOWIND,Indowind_Energy_Limited
573,INDRAMEDCO,Indraprastha_Medical_Corporation_Limited
574,INDSWFTLAB,Ind-Swift_Laboratories_Limited
575,INDSWFTLTD,Ind-Swift_Limited
576,INDUSFILA,Indus_Fila_Limited
577,INDUSINDBK,IndusInd_Bank_Limited
578,INEABS,INEOS_ABS_(India)_Limited
579,INFINITE,Infinite_Computer_Solutions_(India)_Limited
580,INFOMEDIA,Infomedia_18_Limited
581,INFY,Infosys_Limited
582,INFOTECENT,Infotech_Enterprises_Limited
583,INGERRAND,Ingersoll_Rand_(India)_Limited
584,INGVYSYABK,ING_Vysya_Bank_Limited
585,INNOIND,Innoventive_Industries_Limited
586,INOXLEISUR,INOX_Leisure_Limited
587,INSECTICID,Insecticides_(India)_Limited
588,IOB,Indian_Overseas_Bank
589,IOC,Indian_Oil_Corporation_Limited
590,IOLCP,IOL_Chemicals_and_Pharmaceuticals_Limited
591,IOLN,IOL_Netcom_Limited
592,IPCALAB,IPCA_Laboratories_Limited
593,IRB,IRB_Infrastructure_Developers_Limited
594,ISFT,Intrasoft_Technologies_Limited
595,ISMTLTD,ISMT_Limited
596,ISPATIND,Ispat_Industries_Limited
597,ITC,ITC_Limited
598,ITDCEM,ITD_Cementation_India_Limited
599,ITI,ITI_Limited
600,IVC,IL&FS_Investment_Managers_Limited
601,IVP,IVP_Limited
602,IVRCLAH,IVRCL_Assets_&_Holdings_Limited
603,IVRCLINFRA,IVRCL_Limited
604,J&KBANK,The_Jammu_&_Kashmir_Bank_Limited
605,JAGRAN,Jagran_Prakashan_Limited
606,JAGSNPHARM,Jagsonpal_Pharmaceuticals_Limited
607,JAIBALAJI,Jai_Balaji_Industries_Limited
608,JAICORPLTD,Jai_Corp_Limited
609,JAINSTUDIO,Jain_Studios_Limited
610,JAMNAAUTO,Jamna_Auto_Industries_Limited
611,JAYAGROGN,Jayant_Agro_Organics_Limited
612,JAYBARMARU,Jay_Bharat_Maruti_Limited
613,JAYNECOIND,Jayaswal_Neco_Industries_Limited
614,JAYSREETEA,Jayshree_Tea_&_Industries_Limited
615,JBCHEPHARM,JB_Chemicals_&_Pharmaceuticals_Limited
616,JBFIND,JBF_Industries_Limited
617,JBMA,JBM_Auto_Limited
618,JCTEL,JCT_Electronics_Limited
619,JENSONICOL,Jenson_&_Nicholson_(India)_Limited
620,JETAIRWAYS,Jet_Airways_(India)_Limited
621,JEYPORE,The_Jeypore_Sugar_Company_Limited
622,JHS,JHS_Svendgaard_Laboratories_Limited
623,JIKIND,JIK_Industries_Limited
624,JINDALPHOT,Jindal_Photo_Limited
625,JINDALPOLY,Jindal_Poly_Films_Limited
626,JINDALSAW,Jindal_Saw_Limited
627,JINDALSTEL,Jindal_Steel_&_Power_Limited
628,JINDALSWHL,Jindal_South_West_Holdings_Limited
629,JINDCOT,Jindal_Cotex_Limited
630,JINDRILL,Jindal_Drilling_And_Industries_Limited
631,JINDWORLD,Jindal_Worldwide_Limited
632,JISLJALEQS,Jain_Irrigation_Systems_Limited
633,JKCEMENT,JK_Cement_Limited
634,JKIL,J.Kumar_Infraprojects_Limited
635,JKLAKSHMI,JK_Lakshmi_Cement_Limited
636,JKPAPER,JK_Paper_Limited
637,JKTYRE,JK_Tyre_&_Industries_Limited
638,JMCPROJECT,JMC_Projects_(India)_Limited
639,JMFINANCIL,JM_Financial_Limited
640,JMTAUTOLTD,JMT_Auto_Limited
641,JOCIL,Jocil_Limited
642,JPASSOCIAT,Jaiprakash_Associates_Limited
643,JPINFRATEC,Jaypee_Infratech_Limited
644,JPPOWER,Jaiprakash_Power_Ventures_Limited
645,JSL,JSL_Stainless_Limited
646,JSWENERGY,JSW_Energy_Limited
647,JSWSTEEL,JSW_Steel_Limited
648,JUBILANT,Jubilant_Life_Sciences_Limited
649,JUBLFOOD,Jubilant_Foodworks_Limited
650,JUBLINDS,Jubilant_Industries_Limited
651,JVLAGRO,JVL_Agro_Industries_Limited
652,JYOTHYLAB,Jyothy_Laboratories_Limited
653,JYOTISTRUC,Jyoti_Structures_Limited
654,KABRAEXTRU,Kabra_Extrusion_Technik_Limited
655,KAJARIACER,Kajaria_Ceramics_Limited
656,KAKATCEM,Kakatiya_Cement_Sugar_&_Industries_Limited
657,KALECONSUL,Kale_Consultants_Limited
658,KALINDEE,Kalindee_Rail_Nirman_(Engineers)_Limited
659,KALPATPOWR,Kalpataru_Power_Transmission_Limited
660,KALYANIFRG,Kalyani_Forge_Limited
661,KAMATHOTEL,Kamat_Hotels_(I)_Limited
662,KANDAGIRI,Kandagiri_Spinning_Mills_Limited.
663,KANORICHEM,Kanoria_Chemicals_&_Industries_Limited
664,KANSAINER,Kansai_Nerolac_Paints_Limited
665,KARURVYSYA,Karur_Vysya_Bank_Limited
666,KAUSHALYA,Kaushalya_Infrastructure_Development_Corporation_Limited
667,KAVVERITEL,Kavveri_Telecom_Products_Limited
668,KBIL,Kirloskar_Brothers_Investments_Limited
669,KCP,KCP_Limited
670,KCPSUGIND,KCP_Sugar_and_Industries_Corporation_Limited
671,KEC,KEC_International_Limited
672,KECL,Kirloskar_Electric_Company_Limited
673,KEI,KEI_Industries_Limited
674,KEMROCK,Kemrock_Industries_and_Exports_Limited
675,KERNEX,Kernex_Microsystems_(India)_Limited
676,KESARENT,Kesar_Enterprises_Limited
677,KESORAMIND,Kesoram_Industries_Limited
678,KEYCORPSER,Keynote_Corporate_Services_Limited
679,KFA,Kingfisher_Airlines_Limited
680,KGL,Karuturi_Global_Limited
681,KHAITANELE,Khaitan_Electricals_Limited
682,KHAITANLTD,Khaitan_(India)_Limited
683,KHANDSE,Khandwala_Securities_Limited
684,KICL,Kalyani_Investment_Company_Limited
685,KIL,Kamdhenu_Ispat_Limited
686,KILITCH,Kilitch_Drugs_(India)_Limited
687,KINETICMOT,Kinetic_Motor_Company_Limited
688,KIRIINDUS,Kiri_Industries_Limited
689,KIRLOSBROS,Kirloskar_Brothers_Limited
690,KIRLOSENG,Kirloskar_Oil_Engines_Limited
691,KIRLOSIND,Kirloskar_Industries_Limited
692,KITPLYIND,Kitply_Industries_Limited
693,KKCL,Kewal_Kiran_Clothing_Limited
694,KLGSYSTEL,KLG_Systel_Limited
695,KMSUGAR,K.M.Sugar_Mills_Limited
696,KNRCON,KNR_Constructions_Limited
697,KOHINOOR,Kohinoor_Foods_Limited
698,KOLTEPATIL,Kolte_-_Patil_Developers_Limited
699,KOPDRUGS,KDL_Biotech_Limited
700,KOPRAN,Kopran_Limited
701,KOTAKBANK,Kotak_Mahindra_Bank_Limited
702,KOTARISUG,Kothari_Sugars_And_Chemicals_Limited
703,KOTHARIPET,Kothari_Petrochemicals_Limited
704,KOTHARIPRO,Kothari_Products_Limited
705,KOUTONS,Koutons_Retail_India_Limited
706,KPIT,KPIT_Cummins_Infosystems_Limited
707,KPRMILL,K.P.R._Mill_Limited
708,KRBL,KRBL_Limited
709,KRISHNAENG,Krishna_Engineering_Works_Limited
710,KSBPUMPS,KSB_Pumps_Limited
711,KSCL,Kaveri_Seed_Company_Limited
712,KSERASERA,K_Sera_Sera_Limited
713,KSK,KSK_Energy_Ventures_Limited
714,KSL,Kalyani_Steels_Limited
715,KSOILS,K_S_Oils_Limited
716,KTIL,Kesar_Terminals_&_Infrastructure_Limited
717,KTKBANK,The_Karnataka_Bank_Limited
718,LAKPRE,Lakshmi_Precision_Screws_Limited
719,LAKSHMIEFL,Lakshmi_Energy_and_Foods_Limited
720,LAKSHVILAS,Lakshmi_Vilas_Bank_Limited
721,LANCOIN,Lanco_Industries_Limited
722,LAOPALA,La_Opala_RG_Limited
723,LAXMIMACH,Lakshmi_Machine_Works_Limited
724,LGBBROSLTD,LG_Balakrishnan_&_Bros_Limited
725,LGBFORGE,LGB_Forge_Limited
726,LIBERTSHOE,Liberty_Shoes_Limited
727,LICHSGFIN,LIC_Housing_Finance_Limited
728,LITL,Lanco_Infratech_Limited
729,LLOYDELENG,Lloyd_Electric_&_Engineering_Limited
730,LLOYDFIN,Lloyds_Finance_Limited
731,LLOYDSTEEL,Lloyds_Steel_Industries_Limited
732,LML,LML_Limited
733,LOGIXMICRO,Logix_Microsystems_Limited
734,LOKESHMACH,Lokesh_Machines_Limited
735,LOTUSEYE,Lotus_Eye_Care_Hospital_Limited
736,LOVABLE,Lovable_Lingerie_Limited
737,LPDC,Landmark_Property_Development_Company_Limited
738,LT,Larsen_&_Toubro_Limited
739,LUMAXAUTO,Lumax_Automotive_Systems_Limited
740,LUMAXIND,Lumax_Industries_Limited
741,LUMAXTECH,Lumax_Auto_Technologies_Limited
742,LUPIN,Lupin_Limited
743,LYKALABS,Lyka_Labs_Limited
744,M&M,Mahindra_&_Mahindra_Limited
745,M&MFIN,Mahindra_&_Mahindra_Financial_Services_Limited
746,MAANALU,Maan_Aluminium_Limited
747,MADHAV,Madhav_Marbles_and_Granites_Limited
748,MADHUCON,Madhucon_Projects_Limited
749,MADRASCEM,Madras_Cements_Limited
750,MADRASFERT,Madras_Fertilizers_Limited
751,MAGMA,Magma_Fincorp_Limited
752,MAGNUM,Magnum_Ventures_Limited
753,MAHABANK,Bank_of_Maharashtra
754,MAHINDFORG,Mahindra_Forgings_Limited
755,MAHINDUGIN,Mahindra_Ugine_Steel_Company_Limited
756,MAHLIFE,Mahindra_Lifespace_Developers_Limited
757,MAHSCOOTER,Maharashtra_Scooters_Limited
758,MAHSEAMLES,Maharashtra_Seamless_Limited
759,MALWACOTT,Malwa_Cotton_Spg._Mills_Limited
760,MANAKSIA,Manaksia_Limited
761,MANALIPETC,Manali_Petrochemical_Limited
762,MANDHANA,Mandhana_Industries_Limited
763,MANGALAM,Mangalam_Drugs_And_Organics_Limited
764,MANGCHEFER,Mangalore_Chemicals_&_Fertilizers_Limited
765,MANGLMCEM,Mangalam_Cement_Limited
766,MANGTIMBER,Mangalam_Timber_Products_Limited
767,MANINDS,Man_Industries_(India)_Limited
768,MANINFRA,Man_Infraconstruction_Limited
769,MANUGRAPH,Manugraph_India_Limited
770,MARALOVER,Maral_Overseas_Limited
771,MARICO,Marico_Limited
772,MARKSANS,Marksans_Pharma_Limited
773,MARUTI,Maruti_Suzuki_India_Limited
774,MASTEK,Mastek_Limited
775,MAWANASUG,Mawana_Sugars_Limited
776,MAX,Max_India_Limited
777,MAXWELL,Maxwell_Industries_Limited
778,MBECL,Mcnally_Bharat_Engineering_Company_Limited
779,MBLINFRA,MBL_Infrastructures_Limited
780,MCDHOLDING,McDowell_Holdings_Limited
781,MCDOWELL-N,United_Spirits_Limited
782,MCLEODRUSS,Mcleod_Russel_India_Limited
783,MEGASOFT,Megasoft_Limited
784,MEGH,Meghmani_Organics_Limited
785,MELSTAR,Melstar_Information_Technologies_Limited
786,MERCK,Merck_Limited
787,MHRIL,Mahindra_Holidays_&_Resorts_India_Limited
788,MIC,MIC_Electronics_Limited
789,MICROSEC,Microsec_Financial_Services_Limited
790,MICROTECH,Micro_Technologies_(India)_Limited
791,MINDAIND,Minda_Industries_Limited
792,MINDTREE,MindTree_Limited
793,MIRCELECTR,MIRC_Electronics_Limited
794,MIRZAINT,Mirza_International_Limited
795,MLL,Mercator_Lines_Limited
796,MMFL,MM_Forgings_Limited
797,MMFSL,Money_Matters_Financial_Services_Limited
798,MOIL,MOIL_Limited
799,MONNETISPA,Monnet_Ispat_Limited
800,MONSANTO,Monsanto_India_Limited
801,MORARJETEX,Morarjee_Textiles_Limited
802,MOREPENLAB,Morepen_Laboratories_Limited
803,MOSERBAER,Moser-Baer_(I)_Limited
804,MOTHERSUMI,Motherson_Sumi_Systems_Limited
805,MOTILALOFS,Motilal_Oswal_Financial_Services_Limited
806,MOTOGENFIN,The_Motor_&_General_Finance_Limited
807,MPHASIS,MphasiS_Limited
808,MPSLTD,MPS_Limited
809,MRF,MRF_Limited
810,MRO-TEK,MRO-TEK_Limited
811,MRPL,Mangalore_Refinery_and_Petrochemicals_Limited
812,MSPL,MSP_Steel_&_Power_Limited
813,MTNL,Mahanagar_Telephone_Nigam_Limited
814,MUDRA,Mudra_Lifestyle_Limited
815,MUKANDENGG,Mukand_Engineers_Limited
816,MUKANDLTD,Mukand_Limited
817,MUKTAARTS,Mukta_Arts_Limited
818,MUNDRAPORT,Mundra_Port_and_Special_Economic_Zone_Limited
819,MUNJALAU,Munjal_Auto_Industries_Limited
820,MUNJALSHOW,Munjal_Showa_Limited
821,MURLIIND,Murli_Industries_Limited
822,MURUDCERA,Murudeshwar_Ceramics_Limited
823,MVL,MVL_Limited
824,MVLIND,MVL_Industries_Limited
825,MYSOREBANK,State_Bank_of_Mysore
826,NAGARFERT,Nagarjuna_Fertilizer_&_Chemicals_Limited
827,NAGREEKCAP,Nagreeka_Capital_&_Infrastructure_Limited
828,NAGREEKEXP,Nagreeka_Exports_Limited
829,NAHARCAP,Nahar_Capital_and_Financial_Services_Limited
830,NAHARINDUS,Nahar_Industrial_Enterprises_Limited
831,NAHARPOLY,Nahar_Poly_Films_Limited
832,NAHARSPING,Nahar_Spinning_Mills_Limited
833,NANDAN,Nandan_Exim_Limited
834,NATCOPHARM,Natco_Pharma_Limited
835,NATIONALUM,National_Aluminium_Company_Limited
836,NATNLSTEEL,National_Steel_And_Agro_Industries_Limited
837,NAUKRI,Info_Edge_(India)_Limited
838,NAVINFLUOR,Navin_Fluorine_International_Limited
839,NAVNETPUBL,Navneet_Publications_India_Limited
840,NBVENTURES,Nava_Bharat_Ventures_Limited
841,NCC,NCC_Limited
842,NCLIND,NCL_Industries_Limited
843,NDTV,New_Delhi_Television_Limited
844,NECLIFE,Nectar_Lifesciences_Limited
845,NELCAST,Nelcast_Limited
846,NELCO,NELCO_Limited
847,NEPCMICON,NEPC_India_Limited
848,NESCO,Nesco_Limited
849,NET4,Net_4_India_Limited
850,NETWORK18,Network18_Media_&_Investments_Limited
851,NEULANDLAB,Neuland_Laboratories_Limited
852,NEXTMEDIA,Next_Mediaworks_Limited
853,NEYVELILIG,Neyveli_Lignite_Corporation_Limited
854,NFL,National_Fertilizers_Limited
855,NHPC,NHPC_Limited
856,NICCO,Nicco_Corporation_Limited
857,NIITLTD,NIIT_Limited
858,NIITTECH,NIIT_Technologies_Limited
859,NILKAMAL,Nilkamal_Limited
860,NIPPOBATRY,Nippo_Batteries_Company_Limited
861,NIRMA,Nirma_Limited
862,NISSAN,Nissan_Copper_Limited
863,NITCO,Nitco_Limited
864,NITESHEST,Nitesh_Estates_Limited
865,NITINFIRE,Nitin_Fire_Protection_Industries_Limited
866,NITINSPIN,Nitin_Spinners_Limited
867,NMDC,NMDC_Limited
868,NOCIL,NOCIL_Limited
869,NOIDATOLL,Noida_Toll_Bridge_Company_Limited
870,NORBTEAEXP,Norben_Tea_&_Exports_Limited
871,NORTHGATE,Northgate_Technologies_Limited
872,NOVOPANIND,Novopan_Industries_Limited
873,NRBBEARING,NRB_Bearing_Limited
874,NSIL,Nalwa_Sons_Investments_Limited
875,NTPC,NTPC_Limited
876,NUCENT,Nucent_Finance_Limited
877,NUCHEM,Nuchem_Limited
878,NUCLEUS,Nucleus_Software_Exports_Limited
879,NUMERICPW,Numeric_Power_Systems_Limited
880,NUTEK,Nu_Tek_India_Limited
881,OBEROIRLTY,Oberoi_Realty_Limited
882,OCL,OCL_India_Limited
883,OFSS,Oracle_Financial_Services_Software_Limited
884,OIL,Oil_India_Limited
885,OILCOUNTUB,Oil_Country_Tubular_Limited
886,OISL,OCL_Iron_and_Steel_Limited
887,OMAXAUTO,Omax_Autos_Limited
888,OMAXE,Omaxe_Limited
889,OMKARCHEM,Omkar_Speciality_Chemicals_Limited
890,OMMETALS,OM_Metals_Infraprojects_Limited
891,OMNITECH,Omnitech_Infosolutions_Limited
892,ONGC,Oil_&_Natural_Gas_Corporation_Limited
893,ONMOBILE,OnMobile_Global_Limited
894,ONWARDTEC,Onward_Technologies_Limited
895,OPTOCIRCUI,Opto_Circuits_(India)_Limited
896,ORBITCORP,Orbit_Corporation_Limited
897,ORCHIDCHEM,Orchid_Chemicals_&_Pharmaceuticals_Limited
898,ORIENTABRA,Orient_Abrasives_Limited
899,ORIENTALTL,Oriental_Trimex_Limited
900,ORIENTBANK,Oriental_Bank_of_Commerce
901,ORIENTCERA,Orient_Ceramics_and_Industries_Limited
902,ORIENTHOT,Oriental_Hotels_Limited
903,ORIENTLTD,Orient_Press_Limited
904,ORIENTPPR,Orient_Paper_&_Industries_Limited
905,ORISSAMINE,The_Orissa_Minerals_Development_Company_Limited
906,OUDHSUG,The_Oudh_Sugar_Mills_Limited
907,PAEL,PAE_Limited
908,PAGEIND,Page_Industries_Limited
909,PANACEABIO,Panacea_Biotec_Limited
910,PANORAMUNI,Panoramic_Universal_Limited
911,PANTALOONR,Pantaloon_Retail_(India)_Limited
912,PAPERPROD,The_Paper_Products_Limited
913,PARABDRUGS,Parabolic_Drugs_Limited
914,PARACABLES,Paramount_Communications_Limited
915,PARAL,Parekh_Aluminex_Limited
916,PARAPRINT,Paramount_Printpackaging_Limited
917,PARASPETRO,Paras_Petrofils_Limited
918,PAREKHPLAT,Parekh_Platinum_Limited
919,PARRYSUGAR,Parrys_Sugar_Industries_Limited
920,PARSVNATH,Parsvnath_Developers_Limited
921,PATELENG,Patel_Engineering_Limited
922,PATINTLOG,Patel_Integrated_Logistics_Limited
923,PATNI,Patni_Computer_Systems_Limited
924,PATSPINLTD,Patspin_India_Limited
925,PBAINFRA,PBA_Infrastructure_Limited
926,PDPL,Parenteral_Drugs_(India)_Limited
927,PDUMJEIND,Pudumjee_Industries_Limited
928,PDUMJEPULP,Pudumjee_Pulp_&_Paper_Mills_Limited
929,PEARLPOLY,Pearl_Polymers_Limited
930,PENIND,Pennar_Industries_Limited
931,PENINLAND,Peninsula_Land_Limited
932,PEPL,Pearl_Engineering_Polymers_Limited
933,PERSISTENT,Persistent_Systems_Limited
934,PETRONENGG,Petron_Engineering_Construction_Limited
935,PETRONET,Petronet_LNG_Limited
936,PFC,Power_Finance_Corporation_Limited
937,PFIZER,Pfizer_Limited
938,PFOCUS,Prime_Focus_Limited
939,PFS,PTC_India_Financial_Services_Limited
940,PGHH,Procter_&_Gamble_Hygiene_and_Health_Care_Limited
941,PHILIPCARB,Phillips_Carbon_Black_Limited
942,PHOENIXLTD,The_Phoenix_Mills_Limited
943,PIDILITIND,Pidilite_Industries_Limited
944,PIIND,PI_Industries_Limited
945,PIONDIST,Pioneer_Distilleries_Limited
946,PIPAVAVYD,Pipavav_Shipyard_Limited
947,PIRGLASS,Piramal_Glass_Limited
948,PIRHEALTH,Piramal_Healthcare_Limited
949,PIRLIFE,Piramal_Life_Sciences_Limited
950,PITTILAM,Pitti_Laminations_Limited
951,PLASTIBLEN,Plastiblends_India_Limited
952,PLETHICO,Plethico_Pharmaceuticals_Limited
953,PNB,Punjab_National_Bank
954,PNBGILTS,PNB_Gilts_Limited
955,PNC,Pritish_Nandy_Communications_Limited
956,POCHIRAJU,Pochiraju_Industries_Limited
957,POLARIS,Polaris_Software_Lab_Limited
958,POLYPLEX,Polyplex_Corporation_Limited
959,PONNIERODE,Ponni_Sugars_(Erode)_Limited
960,POWERGRID,Power_Grid_Corporation_of_India_Limited
961,PPAP,Precision_Pipes_And_Profiles_Company_Limited
962,PRADIP,Pradip_Overseas_Limited
963,PRAENG,Prajay_Engineers_Syndicate_Limited
964,PRAJIND,Praj_Industries_Limited
965,PRAKASH,Prakash_Industries_Limited
966,PRAKASHSTL,Prakash_Steelage_Limited
967,PRATIBHA,Pratibha_Industries_Limited
968,PRECOT,Precot_Meridian_Limited
969,PRECWIRE,Precision_Wires_India_Limited
970,PREMIER,Premier_Limited
971,PRESTIGE,Prestige_Estates_Projects_Limited
972,PRICOL,Pricol_Limited
973,PRIMESECU,Prime_Securities_Limited
974,PRISMCEM,Prism_Cement_Limited
975,PRITHVI,Prithvi_Information_Solutions_Limited
976,PROVOGUE,Provogue_(India)_Limited
977,PSB,Punjab_&_Sind_Bank
978,PSL,PSL_Limited
979,PTC,PTC_India_Limited
980,PTL,PTL_Enterprises_Limited
981,PUNJABCHEM,Punjab_Chemicals_&_Crop_Protection_Limited
982,PUNJLLOYD,Punj_Lloyd_Limited
983,PURVA,Puravankara_Projects_Limited
984,PVP,PVP_Ventures_Limited
985,PVR,PVR_Limited
986,QUINTEGRA,Quintegra_Solutions_Limited
987,RADAAN,Radaan_Mediaworks_India_Limited
988,RADICO,Radico_Khaitan_Limited
989,RAINBOWPAP,Rainbow_Papers_Limited
990,RAINCOM,Rain_Commodities_Limited
991,RAIREKMOH,Raisaheb_Reckhchand_Mohota_Spinning_&_Weaving_Mills_Limited
992,RAJESHEXPO,Rajesh_Exports_Limited
993,RAJOIL,Raj_Oil_Mills_Limited
994,RAJRAYON,Raj_Rayon_Industries_Limited
995,RAJSREESUG,Rajshree_Sugars_&_Chemicals_Limited
996,RAJTV,Raj_Television_Network_Limited
997,RAJVIR,Rajvir_Industries_Limited
998,RALLIS,Rallis_India_Limited
999,RAMANEWS,Rama_Newsprint_and_Papers_Limited
1000,RAMCOIND,Ramco_Industries_Limited
1001,RAMCOSYS,Ramco_Systems_Limited
1002,RAMKY,Ramky_Infrastructure_Limited
1003,RAMSARUP,Ramsarup_Industries_Limited
1004,RANASUG,Rana_Sugars_Limited
1005,RANBAXY,Ranbaxy_Laboratories_Limited
1006,RANEENGINE,Rane_Engine_Valve_Limited
1007,RANEHOLDIN,Rane_Holdings_Limited
1008,RATNAMANI,Ratnamani_Metals_&_Tubes_Limited
1009,RAYMOND,Raymond_Limited
1010,RBL,Rane_Brake_Lining_Limited
1011,RBN,Reliance_Broadcast_Network_Limited
1012,RCF,Rashtriya_Chemicals_and_Fertilizers_Limited
1013,RCOM,Reliance_Communications_Limited
1014,RECLTD,Rural_Electrification_Corporation_Limited
1015,REDINGTON,Redington_(India)_Limited
1016,REFEX,Refex_Refrigerants_Limited
1017,REIAGROLTD,Rei_Agro_Limited
1018,REISIXTEN,REI_Six_Ten_Retail_Limited
1019,RELAXO,Relaxo_Footwears_Limited
1020,RELCAPITAL,Reliance_Capital_Limited
1021,RELIANCE,Reliance_Industries_Limited
1022,RELIGARE,Religare_Enterprises_Limited
1023,RELINFRA,Reliance_Infrastructure_Limited
1024,RELMEDIA,Reliance_MediaWorks_Limited
1025,RENUKA,Shree_Renuka_Sugars_Limited
1026,REPRO,Repro_India_Limited
1027,RESPONIND,Responsive_Industries_Limited
1028,RESURGERE,Resurgere_Mines_&_Minerals_India_Limited
1029,REVATHI,Revathi_Equipment_Limited
1030,RICOAUTO,Rico_Auto_Industries_Limited
1031,RIIL,Reliance_Industrial_Infrastructure_Limited
1032,RJL,Renaissance_Jewellery_Limited
1033,RKFORGE,Ramkrishna_Forgings_Limited
1034,RMCL,Radha_Madhav_Corporation_Limited
1035,RML,Rane_(Madras)_Limited
1036,ROHITFERRO,Rohit_Ferro-Tech_Limited
1037,ROHLTD,Royal_Orchid_Hotels_Limited
1038,ROLTA,Rolta_India_Limited
1039,ROMAN,Roman_Tarmat_Limited
1040,RPGLIFE,RPG_Life_Sciences_Limited
1041,RPOWER,Reliance_Power_Limited
1042,RPPINFRA,R.P.P._Infra_Projects_Limited
1043,RSSOFTWARE,R._S._Software_(India)_Limited
1044,RSWM,RSWM_Limited
1045,RSYSTEMS,R_Systems_International_Limited
1046,RUBYMILLS,The_Ruby_Mills_Limited
1047,RUCHIRA,Ruchira_Papers_Limited
1048,RUCHISOYA,Ruchi_Soya_Industries_Limited
1049,RUCHINFRA,Ruchi_Infrastructure_Limited
1050,SABERORGAN,Sabero_Organics_Gujarat_Limited
1051,SABTN,Sri_Adhikari_Brothers_Television_Network_Limited
1052,SADBHAV,Sadbhav_Engineering_Limited
1053,SAGCEM,Sagar_Cements_Limited
1054,SAHPETRO,Sah_Petroleums_Limited
1055,SAIL,Steel_Authority_of_India_Limited
1056,SAKHTISUG,Sakthi_Sugars_Limited
1057,SAKSOFT,Saksoft_Limited
1058,SAKUMA,Sakuma_Exports_Limited
1059,SALORAINTL,Salora_International_Limited
1060,SALSTEEL,S.A.L._Steel_Limited
1061,SAMBHAAV,Sambhaav_Media_Limited
1062,SAMTEL,Samtel_Color_Limited
1063,SANDESH,The_Sandesh_Limited
1064,SANGAMIND,Sangam_(India)_Limited
1065,SANGHIIND,Sanghi_Industries_Limited
1066,SANGHVIFOR,Sanghvi_Forging_and_Engineering_Limited
1067,SANGHVIMOV,Sanghvi_Movers_Limited
1068,SANWARIA,Sanwaria_Agro_Oils_Limited
1069,SARDAEN,Sarda_Energy_&_Minerals_Limited
1070,SAREGAMA,Saregama_India_Limited
1071,SARLAPOLY,Sarla_Performance_Fibers_Limited
1072,SASKEN,Sasken_Communication_Technologies_Limited
1073,SATHAISPAT,Sathavahana_Ispat_Limited
1074,SATYAMCOMP,Satyam_Computer_Services_Limited
1075,SAVERA,Savera_Industries_Limited
1076,SB&TINTL,SB&T_International_Limited
1077,SBBJ,State_Bank_of_Bikaner_and_Jaipur
1078,SBIN,State_Bank_of_India
1079,SBT,State_Bank_of_Travancore
1080,SCI,Shipping_Corporation_Of_India_Limited
1081,SEAMECLTD,Seamec_Limited
1082,SEINVEST,S.E._Investments_Limited
1083,SELAN,Selan_Exploration_Technology_Limited
1084,SELMCL,SEL_Manufacturing_Company_Limited
1085,SERVALL,Servalakshmi_Paper_Limited
1086,SESAGOA,Sesa_Goa_Limited
1087,SESHAPAPER,Seshasayee_Paper_and_Boards_Limi
1088,SEZALGLASS,Sezal_Glass_Limited
1089,SGFL,Shree_Ganesh_Forgings_Limited
1090,SGJHL,Shree_Ganesh_Jewellery_House_Limited
1091,SGL,STL_Global_Limited
1092,SHAHALLOYS,Shah_Alloys_Limited
1093,SHALPAINTS,Shalimar_Paints_Limited
1094,SHANTIGEAR,Shanthi_Gears_Limited
1095,SHARRESLTD,Sharyans_Resources_Limited
1096,SHASUNPHAR,Shasun_Pharmaceuticals_Limited
1097,SHILPAMED,Shilpa_Medicare_Limited
1098,SHILPI,Shilpi_Cable_Technologies_Limited
1099,SHIVAMAUTO,Shivam_Autotech_Limited
1100,SHIVTEX,Shiva_Texyarn_Limited
1101,SHIV-VANI,Shiv-Vani_Oil_&_Gas_Exploration_Services_Limited
1102,SHLAKSHMI,Shri_Lakshmi_Cotsyn_Limited
1103,SHOPERSTOP,Shoppers_Stop_Limited
1104,SHPRE,Shree_Precoated_Steels_Limited
1105,SHREEASHTA,Shree_Ashtavinayak_Cine_Vision_Limited
1106,SHREECEM,Shree_Cements_Limited
1107,SHREERAMA,Shree_Rama_Multi-Tech_Limited
1108,SHRENUJ,Shrenuj_&_Company_Limited
1109,SHREYANIND,Shreyans_Industries_Limited
1110,SHREYAS,Shreyas_Shipping_&_Logistics_Limited
1111,SHRIRAMCIT,Shriram_City_Union_Finance_Limited
1112,SHRIRAMEPC,Shriram_EPC_Limited
1113,SHYAMTEL,Shyam_Telecom_Limited
1114,SICAGEN,Sicagen_India_Limited
1115,SICAL,Sical_Logistics_Limited
1116,SIEMENS,Siemens_Limited
1117,SIL,Standard_Industries_Limited
1118,SILINV,SIL_Investments_Limited
1119,SIMBHSUGAR,Simbhaoli_Sugars_Limited
1120,SIMPLEX,Simplex_Projects_Limited
1121,SIMPLEXINF,Simplex_Infrastructures_Limited
1122,SINTEX,Sintex_Industries_Limited
1123,SIRPAPER,The_Sirpur_Paper_Mills_Limited
1124,SITASHREE,Sita_Shree_Food_Products_Limited
1125,SIYSIL,Siyaram_Silk_Mills_Limited
1126,SJVN,SJVN_Limited
1127,SKFINDIA,SKF_India_Limited
1128,SKMEGGPROD,SKM_Egg_Products_Export_(India)_Limited
1129,SKSMICRO,SKS_Microfinance_Limited
1130,SKUMARSYNF,S._Kumars_Nationwide_Limited
1131,SMARTLINK,Smartlink_Network_Systems_Limited
1132,SMLISUZU,SML_Isuzu_Limited
1133,SMPL,Sujana_Metal_Products_Limited
1134,SMSPHARMA,SMS_Pharmaceuticals_Limited
1135,SOBHA,Sobha_Developers_Limited
1136,SOFTTECHGR,Software_Technology_Group_International_Limited
1137,SOLARINDS,Solar_Industries_India_Limited
1138,SOMANYCERA,Somany_Ceramics_Limited
1139,SOMATEX,Soma_Textiles_&_Industries_Limited
1140,SONASTEER,Sona_Koyo_Steering_Systems_Limited
1141,SONATSOFTW,Sonata_Software_Limited
1142,SOTL,Savita_Oil_Technologies_Limited
1143,SOUTHBANK,The_South_Indian_Bank_Limited
1144,SPANCO,Spanco_Limited
1145,SPARC,Sun_Pharma_Advanced_Research_Company_Limited
1146,SPECTACLE,Spectacle_Infotek_Limited
1147,SPENTEX,Spentex_Industries_Limited
1148,SPIC,Southern_Petrochemicals_Industries_Corporation_Limited
1149,SPICEMOBIL,Spice_Mobility_Limited
1150,SPLIL,SPL_Industries_Limited
1151,SPMLINFRA,SPML_Infra_Limited
1152,SPYL,Shekhawati_Poly-Yarn_Limited
1153,SREINFRA,SREI_Infrastructure_Finance_Limited
1154,SRF,SRF_Limited
1155,SRGINFOTEC,SRG_Infotec_(India)_Limited
1156,SRHHLINDST,SRHHL_Industries_Limited
1157,SRHHYPOLTD,Sree_Rayalaseema_Hi-Strength_Hypo_Limited
1158,SRTRANSFIN,Shriram_Transport_Finance_Company_Limited
1159,SSWL,Steel_Strips_Wheels_Limited
1160,STAR,Strides_Arcolab_Limited
1161,STARPAPER,Star_Paper_Mills_Limited
1162,STCINDIA,The_State_Trading_Corporation_of_India_Limited
1163,STER,Sterlite_Industries_(_India_)_Limited
1164,STERLINBIO,Sterling_Biotech_Limited
1165,STERTOOLS,Sterling_Tools_Limited
1166,STINDIA,STI_India_Limited
1167,STOREONE,Store_One_Retail_India_Limited
1168,STRTECH,Sterlite_Technologies_Limited
1169,SUBEX,Subex_Limited
1170,SUBROS,Subros_Limited
1171,SUDAR,Sudar_Garments_Limited
1172,SUDARSCHEM,Sudarshan_Chemical_Industries_Limited
1173,SUJANATOW,Sujana_Tower_Limited
1174,SUJANAUNI,Sujana_Universal_Industries_Limited
1175,SUMEETINDS,Sumeet_Industries_Limited
1176,SUMMITSEC,Summit_Securities_Limited
1177,SUNCLAYTON,Sundaram_Clayton_Limited
1178,SUNDARAM,Sundaram_Multi_Pap_Limited
1179,SUNDARMFIN,Sundaram_Finance_Limited
1180,SUNDRMBRAK,Sundaram_Brake_Linings_Limited
1181,SUNDRMFAST,Sundram_Fasteners_Limited
1182,SUNFLAG,Sunflag_Iron_And_Steel_Company_Limited
1183,SUNILHITEC,Sunil_Hitech_Engineers_Limited
1184,SUNPHARMA,Sun_Pharmaceuticals_Industries_Limited
1185,SUNTECK,Sunteck_Realty_Limited
1186,SUNTV,Sun_TV_Network_Limited
1187,SUPERSPIN,Super_Spinning_Mills_Limited
1188,SUPPETRO,Supreme_Petrochem_Limited
1189,SUPRAJIT,Suprajit_Engineering_Limited
1190,SUPREMEIND,Supreme_Industries_Limited
1191,SUPREMEINF,Supreme_Infrastructure_India_Limited
1192,SUPREMETEX,Supreme_Tex_Mart_Limited
1193,SURAJDIAMN,Su-Raj_Diamonds_and_Jewellery_Limited
1194,SURANACORP,Surana_Corporation_Limited
1195,SURANAIND,Surana_Industries_Limited
1196,SURANAT&P,Surana_Telecom_and_Power_Limited
1197,SURYAJYOTI,Suryajyoti_Spinning_Mills_Limited
1198,SURYALAXMI,Suryalakshmi_Cotton_Mills_Limited
1199,SURYAPHARM,Surya_Pharmaceutical_Limited
1200,SURYAROSNI,Surya_Roshni_Limited
1201,SUTLEJTEX,Sutlej_Textiles_and_Industries_Limited
1202,SUVEN,Suven_Life_Sciences_Limited
1203,SUZLON,Suzlon_Energy_Limited
1204,SWARAJENG,Swaraj_Engines_Limited
1205,SYMPHONY,Symphony_Limited
1206,SYNCOM,Syncom_Healthcare_Limited
1207,SYNDIBANK,Syndicate_Bank
1208,TAINWALCHM,Tainwala_Chemical_and_Plastic_(I)_Limited
1209,TAJGVK,Taj_GVK_Hotels_&_Resorts_Limited
1210,TAKE,Take_Solutions_Limited
1211,TALBROAUTO,Talbros_Automotive_Components_Limited
1212,TALWALKARS,Talwalkars_Better_Value_Fitness_Limited
1213,TANLA,Tanla_Solutions_Limited
1214,TANTIACONS,Tantia_Constructions_Limited
1215,TARAPUR,Tarapur_Transformers_Limited
1216,TATACHEM,Tata_Chemicals_Limited
1217,TATACOMM,Tata_Communications_Limited
1218,TATAELXSI,Tata_Elxsi_Limited
1219,TATACOFFEE,Tata_Coffee_Limited
1220,TATAGLOBAL,Tata_Global_Beverages_Limited
1221,TATAINVEST,Tata_Investment_Corporation_Limited
1222,TATAMETALI,Tata_Metaliks_Limited
1223,TATAMOTORS,Tata_Motors_Limited
1224,TATAPOWER,Tata_Power_Company_Limited
1225,TATASPONGE,Tata_Sponge_Iron_Limited
1226,TATASTEEL,Tata_Steel_Limited
1227,TCI,Transport_Corporation_of_India_Limited
1228,TCIDEVELOP,TCI_Developers_Limited
1229,TCIFINANCE,TCI_Finance_Limited
1230,TCS,Tata_Consultancy_Services_Limited
1231,TECHM,Tech_Mahindra_Limited
1232,TECHNO,Techno_Electric_&_Engineering_Company_Limited
1233,TECHNOFAB,Technofab_Engineering_Limited
1234,TECPRO,Tecpro_Systems_Limited
1235,TELEDATAIT,Teledata_Technology_Solutions_Limited
1236,TEXMACOLTD,Texmaco_Limited
1237,TEXMOPIPES,Texmo_Pipes_and_Products_Limited
1238,TFCILTD,Tourism_Finance_Corporation_of_India_Limited
1239,TFL,Transwarranty_Finance_Limited
1240,THANGAMAYL,Thangamayil_Jewellery_Limited
1241,THEMISMED,Themis_Medicare_Limited
1242,THERMAX,Thermax_Limited
1243,THINKSOFT,Thinksoft_Global_Services_Limited
1244,THIRUSUGAR,Thiru_Arooran_Sugars_Limited
1245,THOMASCOOK,Thomas_Cook_(India)_Limited
1246,TI,Tilaknagar_Industries_Limited
1247,TIDEWATER,Tide_Water_Oil_Company_(India)_Limited
1248,TIIL,Technocraft_Industries_(India)_Limited
1249,TIL,TIL_Limited
1250,TIMESGTY,Times_Guaranty_Limited
1251,TIMETECHNO,Time_Technoplast_Limited
1252,TIMKEN,Timken_India_Limited
1253,TINPLATE,The_Tinplate_Company_of_India_Limited
1254,TIPSINDLTD,TIPS_Industries_Limited
1255,TIRUMALCHM,Thirumalai_Chemicals_Limited
1256,TITAN,Titan_Industries_Limited
1257,TNPETRO,Tamilnadu_PetroProducts_Limited
1258,TNPL,Tamil_Nadu_Newsprint_&_Papers_Limited
1259,TNTELE,Tamilnadu_Telecommunication_Limited
1260,TODAYS,Todays_Writing_Products_Limited
1261,TOKYOPLAST,Tokyo_Plast_International_Limited
1262,TORNTPHARM,Torrent_Pharmaceuticals_Limited
1263,TORNTPOWER,Torrent_Power_Limited
1264,TRENT,Trent_Limited
1265,TRF,TRF_Limited
1266,TRICOM,Tricom_India_Limited
1267,TRIGYN,Trigyn_Technologies_Limited
1268,TRIL,Transformers_And_Rectifiers_(India)_Limited
1269,TRIVENI,Triveni_Engineering_&_Industries_Limited
1270,TTKHEALTH,TTK_Healthcare_Limited
1271,TTKPRESTIG,TTK_Prestige_Limited
1272,TTL,T_T_Limited
1273,TTML,Tata_Teleservices_(Maharashtra)_Limited
1274,TUBEINVEST,Tube_Investments_of_India_Limited
1275,TRIDENT,Trident_Limited
1276,TULIP,Tulip_Telecom_Limited
1277,TULSI,Tulsi_Extrusions_Limited
1278,TVSELECT,TVS_Electronics_Limited
1279,TVSMOTOR,TVS_Motor_Company_Limited
1280,TVSSRICHAK,TVS_Srichakra_Limited
1281,TVTODAY,TV_Today_Network_Limited
1282,TWILITAKA,Twilight_Litaka_Pharma_Limited
1283,TWL,Titagarh_Wagons_Limited
1284,UBENGG,UB_Engineering_Limited
1285,UBHOLDINGS,United_Breweries_(Holdings)_Limited
1286,UCALFUEL,Ucal_Fuel_Systems_Limited
1287,UCOBANK,UCO_Bank
1288,UFLEX,UFLEX_Limited
1289,UGARSUGAR,The_Ugar_Sugar_Works_Limited
1290,ULTRACEMCO,UltraTech_Cement_Limited
1291,UMESLTD,Usha_Martin_Education_&_Solutions_Limited
1292,UNICHEMLAB,Unichem_Laboratories_Limited
1293,UNIENTER,Uniphos_Enterprises_Limited
1294,UNIONBANK,Union_Bank_of_India
1295,UNIPHOS,United_Phosphorus_Limited
1296,UNIPLY,Uniply_Industries_Limited
1297,UNITECH,Unitech_Limited
1298,UBL,United_Breweries_Limited
1299,UNITY,Unity_Infraprojects_Limited
1300,UNIVCABLES,Universal_Cables_Limited
1301,UNITEDBNK,United_Bank_of_India
1302,UPERGANGES,Upper_Ganges_Sugar_&_Industries_Limited
1303,USHAMART,Usha_Martin_Limited
1304,USHERAGRO,Usher_Agro_Limited
1305,UTTAMSTL,Uttam_Galva_Steels_Limited
1306,UTTAMSUGAR,Uttam_Sugar_Mills_Limited
1307,UTVSOF,UTV_Software_Communications_Limited
1308,VADILALIND,Vadilal_Industries_Limited
1309,VAIBHAVGEM,Vaibhav_Gems_Limited
1310,VAKRANSOFT,Vakrangee_Softwares_Limited
1311,VALECHAENG,Valecha_Engineering_Limited
1312,VALUEIND,Value_Industries_Limited
1313,VARDHACRLC,Vardhman_Acrylics_Limited
1314,VARDMNPOLY,Vardhman_Polytex_Limited
1315,VARUN,Varun_Industries_Limited
1316,VARUNSHIP,Varun_Shipping_Company_Limited
1317,VASCONEQ,Vascon_Engineers_Limited
1318,VENKEYS,Venky's_(India)_Limited
1319,VENUSREM,Venus_Remedies_Limited
1320,VESUVIUS,Vesuvius_India_Limited
1321,VGUARD,V-Guard_Industries_Limited
1322,VHL,Vardhman_Holdings_Limited
1323,VICEROY,Viceroy_Hotels_Limited
1324,VIDEOIND,Videocon_Industries_Limited
1325,VIJAYABANK,Vijaya_Bank
1326,VIJSHAN,Vijay_Shanthi_Builders_Limited
1327,VIKASHMET,Vikash_Metal_&_Power_Limited
1328,VIMTALABS,Vimta_Labs_Limited
1329,VINATIORGA,Vinati_Organics_Limited
1330,VINDHYATEL,Vindhya_Telelinks_Limited
1331,VIPIND,VIP_Industries_Limited
1332,VISAKAIND,Visaka_Industries_Limited
1333,VISASTEEL,Visa_Steel_Limited
1334,VISESHINFO,Visesh_Infotecnics_Limited
1335,VISHALRET,Vishal_Retail_Limited
1336,VISUINTL,Visu_International_Limited
1337,VIVIMEDLAB,Vivimed_Labs_Limited
1338,VLSFINANCE,VLS_Finance_Limited
1339,VOLTAMP,Voltamp_Transformers_Limited
1340,VOLTAS,Voltas_Limited
1341,VSTIND,VST_Industries_Limited
1342,VSTTILLERS,V.S.T_Tillers_Tractors_Limited
1343,VTL,Vardhman_Textiles_Limited
1344,WABAG,VA_Tech_Wabag_Limited
1345,WABCO-TVS,WABCO-TVS_(INDIA)_Limited
1346,WALCHANNAG,Walchandnagar_Industries_Limited
1347,WANBURY,Wanbury_Limited
1348,WEBELSOLAR,Websol_Energy_Systems_Limited
1349,WEIZMANIND,Weizmann_Limited
1350,WELCORP,Welspun_Corp_Limited
1351,WELINV,Welspun_Investments_and_Commercials_Limited
1352,WELPROJ,Welspun_Projects_Limited
1353,WELSPUNIND,Welspun_India_Limited
1354,WENDT,Wendt_(India)_Limited
1355,WHEELS,Wheels_India_Limited
1356,WHIRLPOOL,Whirlpool_of_India_Limited
1357,WILLAMAGOR,Williamson_Magor_&_Company_Limited
1358,WINDSOR,Windsor_Machines_Limited
1359,WINSOMYARN,Winsome_Yarns_Limited
1360,WIPRO,Wipro_Limited
1361,WSI,W_S_Industries_(I)_Limited
1362,WSTCSTPAPR,West_Coast_Paper_Mills_Limited
1363,WOCKPHARMA,Wockhardt_Limited
1364,WWIL,Wire_and_Wireless_(India)_Limited
1365,WYETH,Wyeth_Limited
1366,XPROINDIA,Xpro_India_Limited
1367,XLENERGY,XL_Energy_Limited
1368,YESBANK,Yes_Bank_Limited
1369,ZANDUREALT,Zandu_Realty_Limited
1370,ZEEL,Zee_Entertainment_Enterprises_Limited
1371,ZEELEARN,Zee_Learn_Limited
1372,ZEENEWS,Zee_News_Limited
1373,ZENITHBIR,Zenith_Birla_(India)_Limited
1374,ZENITHCOMP,Zenith_Computers_Limited
1375,ZENITHEXPO,Zenith_Exports_Limited
1376,ZENITHINFO,Zenith_Infotech_Limited
1377,ZENSARTECH,Zensar_Technologies_Limited
1378,ZICOM,Zicom_Electronic_Security_Systems_Limited
1379,ZODIACLOTH,Zodiac_Clothing_Company_Limited
1380,ZODJRDMKJ,Zodiac_JRD-_MKJ_Limited
1381,ZUARIAGRO,Zuari_Industries_Limited
1382,ZYDUSWELL,Zydus_Wellness_Limited
1383,ZYLOG,Zylog_Systems_Limited
